{
  "enemy": [
    "enemy"
  ],
  "attackEnemy": [
    "attackEnemy",
    "detectionWounds",
    "detectionBloodLoss",
    "detectionStatus"
  ],
  "attackPlayer": [
    "attackPlayer",
    "detectionPlayerWounds",
    "detectionBloodLoss",
    "detectionStatus"
  ],
  "healSelf": [
    "healSelf",
    "detectionHealSelf",
    "detectionBloodLoss",
    "detectionStatus"
  ],
  "healPlayer": [
    "healPlayer",
    "detectionHealPlayer",
    "detectionBloodLoss",
    "detectionStatus"
  ],
  "loot": [
    "loot"
  ],
  "sell": [
    "priceEstimation"
  ]
}